{
    "$schema": "https://schema.management.azure.com/schemas/2015-01-01/deploymentParameters.json#",
    "contentVersion": "1.0.0.0",
    "parameters": {
        "factoryName": {
            "value": "coviddatafactory"
        },
        "CovidDataLakeSink_accountKey": {
            "value": ""
        },
        "AzureSQLLinkedService_connectionString": {
            "value": ""
        },
        "Covid_vaccinations_trigger_properties_CopyCovidData_parameters_RelativeURLSource": {
            "value": "master/public/data/vaccinations/vaccinations-by-manufacturer.csv"
        },
        "Covid_vaccinations_trigger_properties_CopyCovidData_parameters_SinkFile": {
            "value": "vaccinations-by-manufacturer.csv"
        },
        "CovidDataLakeSink_properties_typeProperties_url": {
            "value": "https://covidlaketanjal.dfs.core.windows.net"
        },
        "HttpConnectorSource_properties_typeProperties_url": {
            "value": "https://raw.githubusercontent.com/owid/covid-19-data/"
        },
        "containerUri": {
            "value": ""
        },
        "containerSasToken": {
            "value": ""
        }
    }
}