{
    "$schema": "http://schema.management.azure.com/schemas/2015-01-01/deploymentTemplate.json#",
    "contentVersion": "1.0.0.0",
    "parameters": {
        "factoryName": {
            "type": "string",
            "metadata": "Data Factory name",
            "defaultValue": "coviddatafactory"
        },
        "CovidDataLakeSink_accountKey": {
            "type": "secureString",
            "metadata": "Secure string for 'accountKey' of 'CovidDataLakeSink'"
        },
        "AzureSQLLinkedService_connectionString": {
            "type": "secureString",
            "metadata": "Secure string for 'connectionString' of 'AzureSQLLinkedService'"
        },
        "Covid_vaccinations_trigger_properties_CopyCovidData_parameters_RelativeURLSource": {
            "type": "string",
            "defaultValue": "master/public/data/vaccinations/vaccinations-by-manufacturer.csv"
        },
        "Covid_vaccinations_trigger_properties_CopyCovidData_parameters_SinkFile": {
            "type": "string",
            "defaultValue": "vaccinations-by-manufacturer.csv"
        },
        "CovidDataLakeSink_properties_typeProperties_url": {
            "type": "string",
            "defaultValue": "https://covidlaketanjal.dfs.core.windows.net"
        },
        "HttpConnectorSource_properties_typeProperties_url": {
            "type": "string",
            "defaultValue": "https://raw.githubusercontent.com/owid/covid-19-data/"
        },
        "containerUri": {
            "type": "string",
            "metadata": "URI to storage account containing linked ARM templates"
        },
        "containerSasToken": {
            "type": "string",
            "metadata": "Sas token to storage account containing linked ARM templates"
        }
    },
    "variables": {
        "factoryId": "[concat('Microsoft.DataFactory/factories/', parameters('factoryName'))]"
    },
    "resources": [
        {
            "name": "coviddatafactory_ArmTemplate_0",
            "type": "Microsoft.Resources/deployments",
            "apiVersion": "2018-02-01",
            "properties": {
                "mode": "incremental",
                "templateLink": {
                    "uri": "[concat(parameters('containerUri'), '/ArmTemplate_0.json', parameters('containerSasToken'))]",
                    "contentVersion": "1.0.0.0"
                },
                "parameters": {
                    "factoryName": {
                        "value": "[parameters('factoryName')]"
                    },
                    "CovidDataLakeSink_accountKey": {
                        "value": "[parameters('CovidDataLakeSink_accountKey')]"
                    },
                    "AzureSQLLinkedService_connectionString": {
                        "value": "[parameters('AzureSQLLinkedService_connectionString')]"
                    },
                    "CovidDataLakeSink_properties_typeProperties_url": {
                        "value": "[parameters('CovidDataLakeSink_properties_typeProperties_url')]"
                    },
                    "HttpConnectorSource_properties_typeProperties_url": {
                        "value": "[parameters('HttpConnectorSource_properties_typeProperties_url')]"
                    },
                    "Covid_vaccinations_trigger_properties_CopyCovidData_parameters_RelativeURLSource": {
                        "value": "[parameters('Covid_vaccinations_trigger_properties_CopyCovidData_parameters_RelativeURLSource')]"
                    },
                    "Covid_vaccinations_trigger_properties_CopyCovidData_parameters_SinkFile": {
                        "value": "[parameters('Covid_vaccinations_trigger_properties_CopyCovidData_parameters_SinkFile')]"
                    }
                }
            },
            "dependsOn": []
        }
    ]
}