{
    "$schema": "http://schema.management.azure.com/schemas/2015-01-01/deploymentTemplate.json#",
    "contentVersion": "1.0.0.0",
    "parameters": {
        "factoryName": {
            "type": "string",
            "metadata": "Data Factory name",
            "defaultValue": "coviddatafactory"
        },
        "CovidDataLakeSink_accountKey": {
            "type": "secureString",
            "metadata": "Secure string for 'accountKey' of 'CovidDataLakeSink'"
        },
        "AzureSQLLinkedService_connectionString": {
            "type": "secureString",
            "metadata": "Secure string for 'connectionString' of 'AzureSQLLinkedService'"
        },
        "Covid_vaccinations_trigger_properties_CopyCovidData_parameters_RelativeURLSource": {
            "type": "string",
            "defaultValue": "master/public/data/vaccinations/vaccinations-by-manufacturer.csv"
        },
        "Covid_vaccinations_trigger_properties_CopyCovidData_parameters_SinkFile": {
            "type": "string",
            "defaultValue": "vaccinations-by-manufacturer.csv"
        },
        "CovidDataLakeSink_properties_typeProperties_url": {
            "type": "string",
            "defaultValue": "https://covidlaketanjal.dfs.core.windows.net"
        },
        "HttpConnectorSource_properties_typeProperties_url": {
            "type": "string",
            "defaultValue": "https://raw.githubusercontent.com/owid/covid-19-data/"
        }
    },
    "variables": {
        "factoryId": "[concat('Microsoft.DataFactory/factories/', parameters('factoryName'))]"
    },
    "resources": [
        {
            "name": "[concat(parameters('factoryName'), '/CopyCovidData')]",
            "type": "Microsoft.DataFactory/factories/pipelines",
            "apiVersion": "2018-06-01",
            "properties": {
                "activities": [
                    {
                        "name": "CopyCovidData",
                        "type": "Copy",
                        "dependsOn": [],
                        "policy": {
                            "timeout": "7.00:00:00",
                            "retry": 0,
                            "retryIntervalInSeconds": 30,
                            "secureOutput": false,
                            "secureInput": false
                        },
                        "userProperties": [],
                        "typeProperties": {
                            "source": {
                                "type": "DelimitedTextSource",
                                "storeSettings": {
                                    "type": "HttpReadSettings",
                                    "requestMethod": "GET"
                                },
                                "formatSettings": {
                                    "type": "DelimitedTextReadSettings"
                                }
                            },
                            "sink": {
                                "type": "DelimitedTextSink",
                                "storeSettings": {
                                    "type": "AzureBlobFSWriteSettings"
                                },
                                "formatSettings": {
                                    "type": "DelimitedTextWriteSettings",
                                    "quoteAllText": true,
                                    "fileExtension": ".txt"
                                }
                            },
                            "enableStaging": false,
                            "translator": {
                                "type": "TabularTranslator",
                                "typeConversion": true,
                                "typeConversionSettings": {
                                    "allowDataTruncation": true,
                                    "treatBooleanAsNumber": false
                                }
                            }
                        },
                        "inputs": [
                            {
                                "referenceName": "CovidDataHTTPSource",
                                "type": "DatasetReference",
                                "parameters": {
                                    "RelativeURLSource": {
                                        "value": "@pipeline().parameters.RelativeURLSource",
                                        "type": "Expression"
                                    }
                                }
                            }
                        ],
                        "outputs": [
                            {
                                "referenceName": "CovidDataLakeSink",
                                "type": "DatasetReference",
                                "parameters": {
                                    "SinkFile": {
                                        "value": "@pipeline().parameters.SinkFile",
                                        "type": "Expression"
                                    }
                                }
                            }
                        ]
                    }
                ],
                "policy": {
                    "elapsedTimeMetric": {},
                    "cancelAfter": {}
                },
                "parameters": {
                    "RelativeURLSource": {
                        "type": "string"
                    },
                    "SinkFile": {
                        "type": "string"
                    }
                },
                "annotations": [],
                "lastPublishTime": "2022-05-26T18:48:36Z"
            },
            "dependsOn": [
                "[concat(variables('factoryId'), '/datasets/CovidDataHTTPSource')]",
                "[concat(variables('factoryId'), '/datasets/CovidDataLakeSink')]"
            ]
        },
        {
            "name": "[concat(parameters('factoryName'), '/DataFlowPipeline')]",
            "type": "Microsoft.DataFactory/factories/pipelines",
            "apiVersion": "2018-06-01",
            "properties": {
                "activities": [
                    {
                        "name": "CovidDataProcessing",
                        "type": "ExecuteDataFlow",
                        "dependsOn": [],
                        "policy": {
                            "timeout": "1.00:00:00",
                            "retry": 0,
                            "retryIntervalInSeconds": 30,
                            "secureOutput": false,
                            "secureInput": false
                        },
                        "userProperties": [],
                        "typeProperties": {
                            "dataflow": {
                                "referenceName": "CovidDataProcessing",
                                "type": "DataFlowReference",
                                "parameters": {
                                    "parameter1": "continent"
                                },
                                "datasetParameters": {
                                    "OwidCovidDataOriginal": {},
                                    "ProcessedCovidData": {}
                                }
                            },
                            "staging": {},
                            "compute": {
                                "coreCount": 8,
                                "computeType": "General"
                            },
                            "traceLevel": "Fine"
                        }
                    }
                ],
                "policy": {
                    "elapsedTimeMetric": {},
                    "cancelAfter": {}
                },
                "annotations": [],
                "lastPublishTime": "2022-05-28T17:55:32Z"
            },
            "dependsOn": [
                "[concat(variables('factoryId'), '/dataflows/CovidDataProcessing')]"
            ]
        },
        {
            "name": "[concat(parameters('factoryName'), '/CovidDataToSQL')]",
            "type": "Microsoft.DataFactory/factories/pipelines",
            "apiVersion": "2018-06-01",
            "properties": {
                "activities": [
                    {
                        "name": "CopyProcessedDataToSQL",
                        "type": "Copy",
                        "dependsOn": [],
                        "policy": {
                            "timeout": "7.00:00:00",
                            "retry": 0,
                            "retryIntervalInSeconds": 30,
                            "secureOutput": false,
                            "secureInput": false
                        },
                        "userProperties": [],
                        "typeProperties": {
                            "source": {
                                "type": "DelimitedTextSource",
                                "storeSettings": {
                                    "type": "AzureBlobFSReadSettings",
                                    "recursive": true,
                                    "wildcardFileName": "ProcessedCovidData.csv",
                                    "enablePartitionDiscovery": false
                                },
                                "formatSettings": {
                                    "type": "DelimitedTextReadSettings"
                                }
                            },
                            "sink": {
                                "type": "AzureSqlSink",
                                "preCopyScript": "TRUNCATE TABLE Covid19.data",
                                "writeBehavior": "insert",
                                "sqlWriterUseTableLock": false,
                                "disableMetricsCollection": false
                            },
                            "enableStaging": false,
                            "translator": {
                                "type": "TabularTranslator",
                                "typeConversion": true,
                                "typeConversionSettings": {
                                    "allowDataTruncation": true,
                                    "treatBooleanAsNumber": false
                                }
                            }
                        },
                        "inputs": [
                            {
                                "referenceName": "ProcessedCovidData",
                                "type": "DatasetReference",
                                "parameters": {}
                            }
                        ],
                        "outputs": [
                            {
                                "referenceName": "CovidDataToAzureSQL",
                                "type": "DatasetReference",
                                "parameters": {}
                            }
                        ]
                    }
                ],
                "policy": {
                    "elapsedTimeMetric": {},
                    "cancelAfter": {}
                },
                "annotations": [],
                "lastPublishTime": "2022-05-28T20:01:04Z"
            },
            "dependsOn": [
                "[concat(variables('factoryId'), '/datasets/ProcessedCovidData')]",
                "[concat(variables('factoryId'), '/datasets/CovidDataToAzureSQL')]"
            ]
        },
        {
            "name": "[concat(parameters('factoryName'), '/CovidDataLakeSink')]",
            "type": "Microsoft.DataFactory/factories/datasets",
            "apiVersion": "2018-06-01",
            "properties": {
                "linkedServiceName": {
                    "referenceName": "CovidDataLakeSink",
                    "type": "LinkedServiceReference"
                },
                "parameters": {
                    "SinkFile": {
                        "type": "string"
                    }
                },
                "annotations": [],
                "type": "DelimitedText",
                "typeProperties": {
                    "location": {
                        "type": "AzureBlobFSLocation",
                        "fileName": {
                            "value": "@dataset().SinkFile",
                            "type": "Expression"
                        },
                        "fileSystem": "rawdata"
                    },
                    "columnDelimiter": ",",
                    "escapeChar": "\\",
                    "firstRowAsHeader": true,
                    "quoteChar": "\""
                },
                "schema": []
            },
            "dependsOn": [
                "[concat(variables('factoryId'), '/linkedServices/CovidDataLakeSink')]"
            ]
        },
        {
            "name": "[concat(parameters('factoryName'), '/CovidDataHTTPSource')]",
            "type": "Microsoft.DataFactory/factories/datasets",
            "apiVersion": "2018-06-01",
            "properties": {
                "linkedServiceName": {
                    "referenceName": "HttpConnectorSource",
                    "type": "LinkedServiceReference"
                },
                "parameters": {
                    "RelativeURLSource": {
                        "type": "string"
                    }
                },
                "annotations": [],
                "type": "DelimitedText",
                "typeProperties": {
                    "location": {
                        "type": "HttpServerLocation",
                        "relativeUrl": {
                            "value": "@dataset().RelativeURLSource",
                            "type": "Expression"
                        }
                    },
                    "columnDelimiter": ",",
                    "escapeChar": "\\",
                    "firstRowAsHeader": true,
                    "quoteChar": "\""
                },
                "schema": []
            },
            "dependsOn": [
                "[concat(variables('factoryId'), '/linkedServices/HttpConnectorSource')]"
            ]
        },
        {
            "name": "[concat(parameters('factoryName'), '/ProcessedCovidData')]",
            "type": "Microsoft.DataFactory/factories/datasets",
            "apiVersion": "2018-06-01",
            "properties": {
                "linkedServiceName": {
                    "referenceName": "CovidDataLakeSink",
                    "type": "LinkedServiceReference"
                },
                "annotations": [],
                "type": "DelimitedText",
                "typeProperties": {
                    "location": {
                        "type": "AzureBlobFSLocation",
                        "fileSystem": "rawdata"
                    },
                    "columnDelimiter": ",",
                    "escapeChar": "\\",
                    "firstRowAsHeader": true,
                    "quoteChar": "\""
                },
                "schema": []
            },
            "dependsOn": [
                "[concat(variables('factoryId'), '/linkedServices/CovidDataLakeSink')]"
            ]
        },
        {
            "name": "[concat(parameters('factoryName'), '/OwidCovidDataSource')]",
            "type": "Microsoft.DataFactory/factories/datasets",
            "apiVersion": "2018-06-01",
            "properties": {
                "linkedServiceName": {
                    "referenceName": "CovidDataLakeSink",
                    "type": "LinkedServiceReference"
                },
                "annotations": [],
                "type": "DelimitedText",
                "typeProperties": {
                    "location": {
                        "type": "AzureBlobFSLocation",
                        "fileName": "owid-covid-data.csv",
                        "fileSystem": "rawdata"
                    },
                    "columnDelimiter": ",",
                    "escapeChar": "\\",
                    "firstRowAsHeader": true,
                    "quoteChar": "\""
                },
                "schema": []
            },
            "dependsOn": [
                "[concat(variables('factoryId'), '/linkedServices/CovidDataLakeSink')]"
            ]
        },
        {
            "name": "[concat(parameters('factoryName'), '/CovidDataToAzureSQL')]",
            "type": "Microsoft.DataFactory/factories/datasets",
            "apiVersion": "2018-06-01",
            "properties": {
                "linkedServiceName": {
                    "referenceName": "AzureSQLLinkedService",
                    "type": "LinkedServiceReference"
                },
                "annotations": [],
                "type": "AzureSqlTable",
                "schema": [],
                "typeProperties": {
                    "schema": "Covid19",
                    "table": "data"
                }
            },
            "dependsOn": [
                "[concat(variables('factoryId'), '/linkedServices/AzureSQLLinkedService')]"
            ]
        },
        {
            "name": "[concat(parameters('factoryName'), '/Covid_vaccinations_trigger')]",
            "type": "Microsoft.DataFactory/factories/triggers",
            "apiVersion": "2018-06-01",
            "properties": {
                "annotations": [],
                "runtimeState": "Stopped",
                "pipelines": [
                    {
                        "pipelineReference": {
                            "referenceName": "CopyCovidData",
                            "type": "PipelineReference"
                        },
                        "parameters": {
                            "RelativeURLSource": "[parameters('Covid_vaccinations_trigger_properties_CopyCovidData_parameters_RelativeURLSource')]",
                            "SinkFile": "[parameters('Covid_vaccinations_trigger_properties_CopyCovidData_parameters_SinkFile')]"
                        }
                    }
                ],
                "type": "ScheduleTrigger",
                "typeProperties": {
                    "recurrence": {
                        "frequency": "Day",
                        "interval": 1,
                        "startTime": "2022-05-28T22:29:00",
                        "timeZone": "FLE Standard Time",
                        "schedule": {}
                    }
                }
            },
            "dependsOn": [
                "[concat(variables('factoryId'), '/pipelines/CopyCovidData')]"
            ]
        },
        {
            "name": "[concat(parameters('factoryName'), '/DataFlowTrigger')]",
            "type": "Microsoft.DataFactory/factories/triggers",
            "apiVersion": "2018-06-01",
            "properties": {
                "annotations": [],
                "runtimeState": "Stopped",
                "pipelines": [
                    {
                        "pipelineReference": {
                            "referenceName": "DataFlowPipeline",
                            "type": "PipelineReference"
                        },
                        "parameters": {}
                    }
                ],
                "type": "ScheduleTrigger",
                "typeProperties": {
                    "recurrence": {
                        "frequency": "Day",
                        "interval": 1,
                        "startTime": "2022-05-28T22:40:00",
                        "endTime": "2022-05-29T20:01:29",
                        "timeZone": "FLE Standard Time",
                        "schedule": {}
                    }
                }
            },
            "dependsOn": [
                "[concat(variables('factoryId'), '/pipelines/DataFlowPipeline')]"
            ]
        },
        {
            "name": "[concat(parameters('factoryName'), '/SQLTrigger')]",
            "type": "Microsoft.DataFactory/factories/triggers",
            "apiVersion": "2018-06-01",
            "properties": {
                "annotations": [],
                "runtimeState": "Stopped",
                "pipelines": [
                    {
                        "pipelineReference": {
                            "referenceName": "CovidDataToSQL",
                            "type": "PipelineReference"
                        },
                        "parameters": {}
                    }
                ],
                "type": "ScheduleTrigger",
                "typeProperties": {
                    "recurrence": {
                        "frequency": "Day",
                        "interval": 1,
                        "startTime": "2022-05-28T23:10:00",
                        "timeZone": "FLE Standard Time",
                        "schedule": {}
                    }
                }
            },
            "dependsOn": [
                "[concat(variables('factoryId'), '/pipelines/CovidDataToSQL')]"
            ]
        },
        {
            "name": "[concat(parameters('factoryName'), '/CovidDataLakeSink')]",
            "type": "Microsoft.DataFactory/factories/linkedServices",
            "apiVersion": "2018-06-01",
            "properties": {
                "annotations": [],
                "type": "AzureBlobFS",
                "typeProperties": {
                    "url": "[parameters('CovidDataLakeSink_properties_typeProperties_url')]",
                    "accountKey": {
                        "type": "SecureString",
                        "value": "[parameters('CovidDataLakeSink_accountKey')]"
                    }
                }
            },
            "dependsOn": []
        },
        {
            "name": "[concat(parameters('factoryName'), '/HttpConnectorSource')]",
            "type": "Microsoft.DataFactory/factories/linkedServices",
            "apiVersion": "2018-06-01",
            "properties": {
                "annotations": [],
                "type": "HttpServer",
                "typeProperties": {
                    "url": "[parameters('HttpConnectorSource_properties_typeProperties_url')]",
                    "enableServerCertificateValidation": false,
                    "authenticationType": "Anonymous"
                }
            },
            "dependsOn": []
        },
        {
            "name": "[concat(parameters('factoryName'), '/AzureSQLLinkedService')]",
            "type": "Microsoft.DataFactory/factories/linkedServices",
            "apiVersion": "2018-06-01",
            "properties": {
                "annotations": [],
                "type": "AzureSqlDatabase",
                "typeProperties": {
                    "connectionString": "[parameters('AzureSQLLinkedService_connectionString')]"
                }
            },
            "dependsOn": []
        },
        {
            "name": "[concat(parameters('factoryName'), '/CovidDataProcessing')]",
            "type": "Microsoft.DataFactory/factories/dataflows",
            "apiVersion": "2018-06-01",
            "properties": {
                "type": "MappingDataFlow",
                "typeProperties": {
                    "sources": [
                        {
                            "dataset": {
                                "referenceName": "OwidCovidDataSource",
                                "type": "DatasetReference"
                            },
                            "name": "OwidCovidDataOriginal"
                        }
                    ],
                    "sinks": [
                        {
                            "dataset": {
                                "referenceName": "ProcessedCovidData",
                                "type": "DatasetReference"
                            },
                            "name": "ProcessedCovidData"
                        }
                    ],
                    "transformations": [
                        {
                            "name": "AsiaDataOnly"
                        },
                        {
                            "name": "SelectedCovidData"
                        }
                    ],
                    "scriptLines": [
                        "parameters{",
                        "     parameter1 as string (continent)",
                        "}",
                        "source(output(",
                        "          iso_code as string,",
                        "          continent as string,",
                        "          location as string,",
                        "          date as date,",
                        "          total_cases as double,",
                        "          new_cases as double,",
                        "          new_cases_smoothed as double,",
                        "          total_deaths as double,",
                        "          new_deaths as double,",
                        "          new_deaths_smoothed as double,",
                        "          total_cases_per_million as double,",
                        "          new_cases_per_million as double,",
                        "          new_cases_smoothed_per_million as double,",
                        "          total_deaths_per_million as double,",
                        "          new_deaths_per_million as double,",
                        "          new_deaths_smoothed_per_million as double,",
                        "          reproduction_rate as double,",
                        "          icu_patients as string,",
                        "          icu_patients_per_million as string,",
                        "          hosp_patients as string,",
                        "          hosp_patients_per_million as string,",
                        "          weekly_icu_admissions as string,",
                        "          weekly_icu_admissions_per_million as string,",
                        "          weekly_hosp_admissions as string,",
                        "          weekly_hosp_admissions_per_million as string,",
                        "          total_tests as double,",
                        "          new_tests as string,",
                        "          total_tests_per_thousand as double,",
                        "          new_tests_per_thousand as string,",
                        "          new_tests_smoothed as double,",
                        "          new_tests_smoothed_per_thousand as double,",
                        "          positive_rate as double,",
                        "          tests_per_case as double,",
                        "          tests_units as string,",
                        "          total_vaccinations as double,",
                        "          people_vaccinated as double,",
                        "          people_fully_vaccinated as double,",
                        "          total_boosters as string,",
                        "          new_vaccinations as double,",
                        "          new_vaccinations_smoothed as double,",
                        "          total_vaccinations_per_hundred as double,",
                        "          people_vaccinated_per_hundred as double,",
                        "          people_fully_vaccinated_per_hundred as double,",
                        "          total_boosters_per_hundred as string,",
                        "          new_vaccinations_smoothed_per_million as double,",
                        "          new_people_vaccinated_smoothed as double,",
                        "          new_people_vaccinated_smoothed_per_hundred as double,",
                        "          stringency_index as double,",
                        "          population as double,",
                        "          population_density as double,",
                        "          median_age as double,",
                        "          aged_65_older as double,",
                        "          aged_70_older as double,",
                        "          gdp_per_capita as double,",
                        "          extreme_poverty as string,",
                        "          cardiovasc_death_rate as double,",
                        "          diabetes_prevalence as double,",
                        "          female_smokers as string,",
                        "          male_smokers as string,",
                        "          handwashing_facilities as double,",
                        "          hospital_beds_per_thousand as double,",
                        "          life_expectancy as double,",
                        "          human_development_index as double,",
                        "          excess_mortality_cumulative_absolute as string,",
                        "          excess_mortality_cumulative as string,",
                        "          excess_mortality as string,",
                        "          excess_mortality_cumulative_per_million as string",
                        "     ),",
                        "     allowSchemaDrift: false,",
                        "     validateSchema: false,",
                        "     ignoreNoFilesFound: false) ~> OwidCovidDataOriginal",
                        "OwidCovidDataOriginal filter(continent==\"Asia\") ~> AsiaDataOnly",
                        "AsiaDataOnly select(mapColumn(",
                        "          location,",
                        "          reported_date = date,",
                        "          total_cases,",
                        "          new_cases,",
                        "          new_cases_smoothed,",
                        "          total_deaths,",
                        "          new_deaths,",
                        "          new_deaths_smoothed,",
                        "          total_cases_per_million,",
                        "          new_cases_per_million,",
                        "          total_deaths_per_million,",
                        "          new_deaths_per_million,",
                        "          reproduction_rate,",
                        "          icu_patients,",
                        "          icu_patients_per_million,",
                        "          hosp_patients,",
                        "          hosp_patients_per_million,",
                        "          weekly_icu_admissions,",
                        "          weekly_icu_admissions_per_million,",
                        "          weekly_hosp_admissions,",
                        "          weekly_hosp_admissions_per_million,",
                        "          new_tests,",
                        "          total_tests,",
                        "          total_tests_per_thousand,",
                        "          new_tests_per_thousand,",
                        "          new_tests_smoothed,",
                        "          new_tests_smoothed_per_thousand,",
                        "          positive_rate,",
                        "          tests_per_case,",
                        "          tests_units,",
                        "          total_vaccinations,",
                        "          people_vaccinated,",
                        "          people_fully_vaccinated,",
                        "          new_vaccinations,",
                        "          new_vaccinations_smoothed,",
                        "          total_vaccinations_per_hundred,",
                        "          people_vaccinated_per_hundred,",
                        "          people_fully_vaccinated_per_hundred,",
                        "          new_vaccinations_smoothed_per_million,",
                        "          population,",
                        "          population_density,",
                        "          median_age,",
                        "          aged_65_older,",
                        "          aged_70_older,",
                        "          gdp_per_capita,",
                        "          cardiovasc_death_rate,",
                        "          diabetes_prevalence,",
                        "          female_smokers,",
                        "          male_smokers,",
                        "          handwashing_facilities,",
                        "          hospital_beds_per_thousand,",
                        "          life_expectancy",
                        "     ),",
                        "     skipDuplicateMapInputs: true,",
                        "     skipDuplicateMapOutputs: true) ~> SelectedCovidData",
                        "SelectedCovidData sink(allowSchemaDrift: true,",
                        "     validateSchema: false,",
                        "     partitionFileNames:['ProcessedCovidData.csv'],",
                        "     umask: 0022,",
                        "     preCommands: [],",
                        "     postCommands: [],",
                        "     skipDuplicateMapInputs: true,",
                        "     skipDuplicateMapOutputs: true,",
                        "     partitionBy('hash', 1)) ~> ProcessedCovidData"
                    ]
                }
            },
            "dependsOn": [
                "[concat(variables('factoryId'), '/datasets/OwidCovidDataSource')]",
                "[concat(variables('factoryId'), '/datasets/ProcessedCovidData')]"
            ]
        }
    ]
}